-- MySQL dump 10.13  Distrib 5.6.37, for Win32 (AMD64)
--
-- Host: localhost    Database: TeamBD
-- ------------------------------------------------------
-- Server version	5.6.37

/*!40101 SET @OLD_CHARACTER_SET_CLIENT=@@CHARACTER_SET_CLIENT */;
/*!40101 SET @OLD_CHARACTER_SET_RESULTS=@@CHARACTER_SET_RESULTS */;
/*!40101 SET @OLD_COLLATION_CONNECTION=@@COLLATION_CONNECTION */;
/*!40101 SET NAMES utf8 */;
/*!40103 SET @OLD_TIME_ZONE=@@TIME_ZONE */;
/*!40103 SET TIME_ZONE='+00:00' */;
/*!40014 SET @OLD_UNIQUE_CHECKS=@@UNIQUE_CHECKS, UNIQUE_CHECKS=0 */;
/*!40014 SET @OLD_FOREIGN_KEY_CHECKS=@@FOREIGN_KEY_CHECKS, FOREIGN_KEY_CHECKS=0 */;
/*!40101 SET @OLD_SQL_MODE=@@SQL_MODE, SQL_MODE='NO_AUTO_VALUE_ON_ZERO' */;
/*!40111 SET @OLD_SQL_NOTES=@@SQL_NOTES, SQL_NOTES=0 */;

--
-- Table structure for table `Posts`
--

DROP TABLE IF EXISTS `Posts`;
/*!40101 SET @saved_cs_client     = @@character_set_client */;
/*!40101 SET character_set_client = utf8 */;
CREATE TABLE `Posts` (
  `id` smallint(6) NOT NULL AUTO_INCREMENT COMMENT 'Унікальний ідентифікатор статті',
  `text` mediumtext NOT NULL COMMENT 'Текст статті',
  `urlPhoto` varchar(255) NOT NULL COMMENT 'Фото в превью',
  `dateOfPublic` date NOT NULL COMMENT 'Дата публікації',
  `idOfMatch` smallint(6) DEFAULT NULL COMMENT 'Унікальний ідентифікатор матча',
  PRIMARY KEY (`id`),
  KEY `idOfMatch` (`idOfMatch`),
  CONSTRAINT `posts_ibfk_1` FOREIGN KEY (`idOfMatch`) REFERENCES `matches` (`id`) ON DELETE NO ACTION ON UPDATE NO ACTION
) ENGINE=InnoDB AUTO_INCREMENT=10 DEFAULT CHARSET=utf8;
/*!40101 SET character_set_client = @saved_cs_client */;

--
-- Dumping data for table `Posts`
--

LOCK TABLES `Posts` WRITE;
/*!40000 ALTER TABLE `Posts` DISABLE KEYS */;
INSERT INTO `Posts` VALUES (2,'Новий сезон, нова сторінка в історії клубу.|\r\nКоманда без свого стадіону, без інфраструктури та спонсорів, яка існує та грає на власному ентузіазмі орендуючи поля для проведення матчів за власний кошт, знайомтесь - НИВА Бузова.\r\n\r\nСезон 2018-ого року розпочинаємо «домашньою» грою у м. Буча на найгіршому штучному полти в районі ПМК. \r\nНа матч за 35 кілометрів від Бузови, тяжко потрапити пересічному селянину, але команда НИВА вірить, що рано чи пізно ми повернемо футбол у наше село. Тому в першу чергу ми боремося з обставинами, а потім вже виходимо протистояти нашим суперникам.\r\n\r\nЗа міжсезоння склад не зазнав майже ніяких змін, кістяк команди залишається за братами Сороками Дмитром та Тарасом, Гаркавенками Андрієм та Олександром, граючим тренером - Петрівським Володимиром, невтомними ветеранами Данченко Олександром, Цисьом Сергієм, та Попівським Олександром.\r\n\r\nВікові гравці в нашій команді це левова частка складу, гравців молодше 25-ти років можна перерахувати на пальцях, можливо навіть і однієї руки, і тут знову «вилазить боком» наша проблема зі стадионом, молоді немає де грати і тренуватись.\r\n\r\nПо при всі труднощі в команді є свій маленький діамант на якого ми дуже розраховуємо вже зараз - Трембіцький Нікіта, запам‘ятайте це прізвище, як мінімум на теренах нашого району воно ще буде лунати не раз.\r\n\r\nОтож перша гра сезону ФСК НИВА випала гра з СК Забір‘я, спека і тяжкий газон ПМК не давали командам показати свої кращі кондиції, перша половина першого тайму нічим не відрізнялась від нашої гри минулого сезону, але потім далась в знаки нова тактична схема з слабкою фізичною готовністю. Команда підсіла, а отримана травма Гаркавенком взагалі вибила номінальних господарів з гри. \r\nНИВУ розтрощили, тричі в кожному таймі ми отримали від забірчан і розпочали сезон з 0:6.\r\n\r\nПочаток сезону жахливий нічого не скажеш,але хочу нагадати, що в минулому сезоні нас списали після першої поразки 1:4 від УФАМ, а далі ви і самі знаєте, що і як було. Тому для Ниви це буде лише стимул проявити бійцівські якості і силу командного духу!','https://scontent-waw1-1.xx.fbcdn.net/v/t1.0-9/31659916_1815042438789556_126741388233539584_n.jpg?_nc_cat=0&oh=3cd8557e737cfae9e561336a016af78a&oe=5B59C9E4','2018-05-06',NULL),(3,'«Нива» (Бузова) – «УФАМ» (Білогородка) 1-4 (1-1).\r\n\r\n«Нива»: Д.Сорока, А.Гаркавенко, Палінчук, Петрівський, Пилявський, Т.Сорока, Мусієнко (Хацкевич,73, Кириченко,83), О.Гаркавенко, Раку (Петраченко, 65), Попівський, Подолянюк (Данюк, 65). \r\nТренер Д.Сорока.\r\n\r\n«УФАМ»: Слєпов, Таранов, Черненко (Мірко,65), Степура, Палічук, Панчук (Балицький,52), Матейко (Гладир,76), Хомяков, Карпенко, Сабодаш, Копецький. \r\nТренер – І.Боровик.\r\n\r\nГоли: В.Подолянюк (6) – В.Черненко (36), М.Палічук (61), С.Гладир (80), К.Таранов (86).\r\n\r\nПопереджені О.Гаркавенко (Н), А.Матейко, А.Степура, О.Балицький (У).\r\n\r\nВилучений О.Балицький (У) – 80 хвилина (повторне попередження).|\r\n\r\nТиповою англійською погодою зустріла учасників звітного матчу гостинна Білогородка. З неба накрапав несміливий дощ, горизонт затягнуло темними хмарами, інколи налітав холодний вітер. Однак смарагдовий газон «Колоса», як завжди, радував око бездоганною розміткою та шикарним трав’яним килимом. Вміють працювати в Білогородці над якістю футбольного поля! Якби цей газон побачив Мірча Луческу, то обов’язково поставив би його в приклад горезвісному санкт-петербурзькому довгобуду з його ріденькою травичкою… На рядовому матчі третьої ліги несподівано зустріли арбітра ФІФА Сергія Бойка. Він зараз проходить реабілітацію після пошкодження і інтенсивно готується до повернення на футбольне поле. Тренер «УФАМ» Ігор Боровик, знаний в широких колах як «Доктор», надав знаному українському арбітру необхідну консультацію та запросив долучитися до складу своєї команди. До речі, Бойко нагадав про «Школу футбольного арбітра» при Київській обласній федерації та запросив бажаючих прослухати відповідні курси. А роботу бригади арбітрів звітного матчу після гри оцінив на «відмінно».\r\n\r\nМатч розпочався атаками номінальних господарів. Швидкий гол, який за допомогою підступного рикошета від оборонця забив Подолянюк, засвідчив перевагу Бузової. «Нива» захопила ініціативу та, використовуючи спринтерські якості форварда Попівського, створила кілька по справжньому небезпечних моментів. Був навіть чистий вихід сам-на-сам, коли Олександр втік на побачення з голкіпером Слєповим з центра поля, але свою дуель програв. В цей момент відомий бузівський ветеран - «флібустьєр» Руслан Полістрат, який цього дня залишився в запасі, бачачи як його одноклубники розтринькують гольові нагоди, зробив припущення, що перемоги його команді сьогодні не бачити.\r\n\r\nІ дійсно, поступово «медики» налагодили гру в захисті, який в перші хвилини нагадував решето, і почали відповідати атакою на атаку. Команди не відсиджувалися в обороні, і гра набула характеру шалених кавалерійських наскоків з обох сторін, що не могло не подобатися глядачам. Переломним моментом став гол білогородця Віктора Черненка, який той забив щільним сильним ударом з середньої дистанції, закінчивши затяжну атаку другим темпом. В другому таймі у «Ниви» підсіли «батарейки», а після пропущеного другого голу  команда почала збиватися на авантюрний футбол, коли повертатися «додому» сил вже не було. Граючи в більшості (вийшовши на заміну, Балицький вирішив своїми методами покарати за провокативні дії неоднозначну легенду «Ниви» Олександра Гаркавенка, якого всі знають за прізвиськом «Батон», і побачив перед собою «червоне світло»), «Нива» великими силами пішла вперед. Свої моменти Бузова не використала, зате в обороні «наламали дров» досхочу.  Натомість досвідчений Боровик випустив на поле двох фактурних нападників Мірка та Гладира, які остаточно схилили шальки футбольних терезів на бік команди з Білогородки. Саме «стоматолог» Сергій Гладир покарав Бузову за помилку під час створення «штучного» офсайду, розстрілявши порожні ворота. Під завісу зустрічі голкіпер «Ниви» Дмитро Сорока почав грати в стилі Мануеля Нойєра, вибігаючи з воріт аж до центра поля, і одного разу запустив ефектну «свічу», в карколомному стрибку випередивши нападника Білогородки. Але в простому моменті помилився, вибиваючи м’яча від своїх воріт, подарував того Таранову, який влучним ударом оформив підсумковий розгром Бузової. Але рахунок виглядає трохи несправедливим, бо «Нива» не заслужила такої поразки. В післяматчевому коментарі Дмитро Сорока поскаржився на відсутність ігрової дисципліни, недостатній ступінь фізичної готовності, нереалізацію моментів в звітному матчі, але в цілому оптимістично оцінив повернення «Ниви» в великий футбол, пообіцявши перемоги в найближчому майбутньому, а один з вболівальників  висловив впевненість, що якби команди грали на «шкільному кочкарі» в Бузовій, то «Нива» обов’язково б перемогла. Дякуємо нашому позаштатному фотокореспонденту Михайлу Перевертню за люб’язно надані фото і сподіваємося на плідну співпрацю!','https://scontent-waw1-1.xx.fbcdn.net/v/t1.0-9/18838898_1693363087624159_4212413454846473147_n.jpg?_nc_cat=0&oh=b9d0e253b14b12f7f68f311c3d39065b&oe=5B8B735F','2017-05-08',1),(4,'«Сокіл-2» (Михайлівка Рубежівка) – «Нива» (Бузова) 2-2 (1-1)\r\n\r\n14.05, 14.00, Гостомель, стадіон «Центральний», 85 глядачів, +18.\r\n\r\nАрбітр А.Снімщиков (Київ)\r\n\r\n«Сокіл-2»: Данилевський (Сабатюк,46), Б.Сорока, Васильєв, Третяк (Ємельянов,46), В.Бондаренко (Шатило,16), Одібе, А.Бондаренко, Даниляк, О.Унинець (Я.Унинець,62), О.Ковтун (А.Ковтун,57), Богачов. \r\nТренер – В.Сіренко.\r\n\r\n«Нива»: Д.Сорока, Петрівський, А.Гаркавенко, Пилявський, Полінчук (Абрамов,72), Т.Сорока, Подолянюк (Мусієнко,64), О.Гаркавенко, Раку, Данченко (Данюк,64), Попівський. \r\nТренер – Д.Сорока.\r\n\r\nГоли: С.Даниляк (17,47) – О.Попівський (21,49, пенальті).\r\n\r\nПопереджені О.Унинець (С), О.Попівський, О.Мусієнко (Н)|\r\n\r\nМатч, який відбувся на прекрасному газоні стадіону в Гостомелі, за оцінками фахівців аж ніяк не можна було назвати третьоліговим. Обидві команди показали змістовний, цікавий футбол, який сподобався вболівальникам та, напевно, й самим гравцям. В складі обох колективів на поле вийшло багато досвідчених майстерних виконавців, а вкупі з завзятим азартом та жагою до боротьби молодих футболістів, гра була видовищною і глядачам нудьгувати не довелося. Як повідомив тренер дублерів «Сокола» Вячеслав Сіренко, закономірним підсумком поєдинку стала бойова нічия. Команди обмінялися голами в кожному з таймів, причому гості обидва рази відігравалися. Варто відмітити, що «Нива» після повернення явно скучила за футболом і демонструє непоганий рівень, в якому «перші скрипки» належать ветеранам Данченку, Петрівському, братам Гаркавенкам та братам Сорокам.  У господарів дубль на рахунку забивного Сергія Даниляка. Перший гол він провів після флангової подачі Олександра Унинця, коли зумів в один дотик переправити м’яча в ворота суперника. Вдруге Даниляк відзначився після прикрої помилки захисника «Ниви», який перериваючи простріл, невдало скинув м’яча під ногу форварду. В складі гостей знайшовся свій бомбардир – голи досвідченого нападника Олександра Попівського дозволили Бузовій заробити перші залікові бали на виїзді. Невдахою матчу можна назвати гравця «Сокола-2» Шатила, який вже в дебюті вийшов на заміну. Спочатку він невдало зіграв головою, відправивши в прорив по флангу півзахисника гостей Олександра Гаркавенка. Той прострілив на Попівського – перший гол. А потім «привіз» пенальті в свої ворота,  який реалізував той же Попівський. «Сокіл» міг вирвати перемогу, але наприкінці матчу Данило Богачов з трьох метрів примудрився не влучити в ворота Дмитра Сороки. Цікаво, що на полі в цей день перебувала ціла «пташина колонія» білобоких скрекотух, адже крім бузівських братів Дмитра та Тараса, в складі «Сокола» був свій Сорока – Богдан…  Ще одним цікавим персонажем в складі команди Дмитра Бірюка був таємничий новачок міжсезоння, появу якого в свій час анонсував Олег Самченко. Знайомтесь, Еммануель Одібе Окечукву, 1986 року народження, з Нігерії, свого часу засвітився в чемпіонатах Узбекистану («Кизилкум» Зарафшан та «Шуртан» Гузар) та нижчих лігах Ізраїлю («Хапоель» Нацрат-Ілліт). Має непогану атлетичну підготовку, адже сам надає послуги фітнес-тренера. До речі, якщо вірити західним футбольним ресурсам, його ігрове амплуа – нападник.','https://scontent-waw1-1.xx.fbcdn.net/v/t1.0-9/18766079_1693746680919133_3319228160506967190_n.jpg?_nc_cat=0&oh=f6896ca0b3ed8fe1cc035eac85c3759a&oe=5B5B4600','2017-05-14',2),(5,'«Нива» (Бузова) – «Прогрес» (Крюківщина) 2-1 (2-1)\r\n\r\n20.05, 15.00. Шпитьки, стадіон «Колос», 40 глядачів, +22.\r\n\r\nАрбітр О.Коваль (Вишневе)\r\n\r\n«Нива»: Д.Сорока, Петрівський, Полінчук, А.Гаркавенко (Негрішний,30), Пилявський, Т.Сорока (Петроченко,77), Данюк (Мусієнко,46), О.Гаркавенко, Раку (Абрамов,64), Данченко (Журавель,58), Радченко.\r\n Тренер – Д.Сорока.\r\n\r\n«Прогрес»: Яровий, Юрчук, Омельченко, Панайотов, Слободяник, Репейський, Абрамович, Вітрук, Оникієнко, Бучаков, Білик (Буханенко,75).\r\n Тренер – О.Буханенко.\r\n\r\nГоли: Т.Сорока (24), В.Петрівський (28) – О.Оникієнко (11)\r\n\r\nПопереджений В.Петрівський (Н)|\r\n\r\nМатч в Шпитьках закінчився перемогою номінальних господарів, однак назвати їх перевагу переконливою не можна. Крюківщина відчувала в звітному матчі значні проблеми зі складом, адже на гру через транспортні пригоди не прибув загін київських рекрутів команди, тому на лаві запасних перебував лише граючий тренер команди Олександр Буханенко. Однак гості розпочали матч агресивно і відкрили рахунок вже в дебюті поєдинку. Проте гол вийшов дещо курйозним – здавалося, нічого не загрожувало воротам Дмитра Сороки, але не доборовся захисник, зупинилися в очікуванні свистка арбітра партнери, а Олег Оникієнко з гострого кута несподівано влучив у ворота, які необачно залишив голкіпер. Цей футболіст став справжнім лідером оновленої команди з Крюківщини і видав гольову серію з трьох матчів поспіль.\r\n\r\nРозвинути успіх гостям не вдалося, натомість «Нива» швидко прийшла до тями і перехопила ініціативу. Господарям пощастило не тільки зрівняти рахунок, але й вийти вперед. Спочатку Тарас Сорока дальнім пострілом застав голкіпера гостей Сергія Ярового в напівпозиції, а згодом центральний захисник «Ниви» Володимир Петрівський в дотик замкнув зручну подачу Данченка з лівого флангу. В подальшому на полі точилася вперта боротьба за кожний клаптик поля, але жодному з суперників не вдалося змінити цифри на табло. Найкращий момент був у господарів, коли Данченко чисто вийшов сам-на-сам з голкіпером гостей, але програв цю дуель, пробивши мимо воріт.','http://ksrff.com.ua/images/thumbnails/images/nuvva-376x283.jpg','2017-05-20',3),(6,'«Стимул» (Юрівка) – «Нива» (Бузова)  0-3 (0-2)\r\n\r\n28.05, 15.30, Буча, стадіон «ПМК». 20 глядачів, +25.\r\n\r\nАрбітр Є.Ющук (Гостомель)\r\n\r\nСтимул: Шевчик, Вол.Бердник (Безпалий,58), Вал.Бердник, Стовба, Лупеха (Очеретяний,86), Вдовін (Лозовський,46), Голубенко, Підлісний (Шпотенко,75), Кожемякін, Дяченко (Лющенко,81), Безверхий. \r\nТренер – Вол.Бердник.\r\n\r\nНива: Д.Сорока, А.Палінчук, А.Гаркавенко, Журавель, Ганага, Т.Сорока, Данюк (Абрамов,35), Раку (Мусієнко,46), Петроченко (С.Палінчук,60), Данченко, О.Гаркавенко. \r\nТренер – Д.Сорока.\r\n\r\nГоли: О.Гаркавенко (15,36,61).\r\n\r\nПопереджені А.Гаркавенко, Є.Ганага (Н).\r\n\r\nВилучений Є.Ганага (Н) – 63 хвилина, повторне попередження.|\r\n\r\nЗвітний матч відбувся на штучному газоні стадіону ПМК в Бучі, який обрала команда з Юрівки в якості домашнього, хоча відстань між цими населеними пунктами досить значна. На жаль, після вікторії в першому турі «Стимул» не може знайти переможну хвилю і поступово скочується в безодню турнірної таблиці. В матчі проти «Ниви» кидалася в очі відсутність, передусім, запалу та бажання в молодих футболістів Юрівки, а сили та швидкості ветеранів команди не безмежні. На протязі матчу господарі були лише раз близькі до успіху, коли після дальнього удару Підлісного здійснив «сейв» голкіпер гостей Д.Сорока. Зате «Нива» додає з кожним туром. Поліпшуються фізичні кондиції гравців, а разом з ними з’являється командна швидкість та зіграність. \r\n\r\nГероєм перемоги над Юрівкою став номінальний вінгер Олександр Гаркавенко, який дебютував на позиції центрфорварда за відсутності штатного бомбардира Попівського і відразу проявив себе, як Мертенс в «Наполі», тобто почав забивати. Двічі Тарас Сорока кидав «неофіта» - нападника в прорив, і обидва рази той не підвів. До цього в матчі відбувся спірний момент, коли за рахунку 0-0 Тарас сильним ударом потрапив в поперечину, від якої мяч опустився за лінію воріт (так стверджують очевидці) і вилетів в поле, але так як система «гостре око» в нашому районі ще не діє, то бригада арбітрів не наважилась зарахувати гол. В другому таймі новоспеченому центрфорварду вдалося створити «хет-трик» - після зручного пасу правого захисника Ганаги не забити було неможливо. Таким чином Бузова продовжує набирати хід і поліпшувати своє турнірне становище, однак в команді існують проблеми з дисципліною. Часто-густо одноклубники на підвищених тонах розбирають ігрові епізоди прямо на полі, інколи не можуть стримати надмірні емоції, в результаті чого отримують невиправдані попередження, а в звітному матчі Євген Ганага награв навіть на вилучення, причому обидва рази здійснив фоли необов’язкового характеру.','https://scontent-waw1-1.xx.fbcdn.net/v/t1.0-9/18765951_1693972610896540_8083661242138164791_n.jpg?_nc_cat=0&oh=669179f16ac7f1eaad6e10d71992c657&oe=5B5BDB10','2017-05-28',4),(7,'«Нива» (Бузова) – «Омега» (Тарасівка) 3-2 (0-1)    \r\n\r\n04.06, 16.00, Бузова, стадіон «Шкільний», 120 глядачів, +22.\r\n\r\nАрбітр О.Притика (ПП Борщагівка)\r\n\r\nНива: Д.Сорока, Журавель, А.Гаркавенко, Полінчук, Маншилін (Раку,46), Т.Сорока, О.Гаркавенко (Мусієнко,70), Попівський, Данченко, Подолянюк (Данюк,46), Петроченко (Абрамов,46). \r\nТренер – Д.Сорока.\r\n\r\nОмега: Куницький (Гулько,55), Поліщук (Гуляницький,46), Філоненко, Дячук, Українець (Скиба,85), Шульженко, Любчич (Швачко,55), Р.Коваленко, Я.Коваленко, Ющук (Дідус,32), Лозовенко. \r\nТренер – В.Романовський.\r\n\r\nГоли: А.Гаркавенко (47), О.Гаркавенко (49), Т.Сорока (85) – Р.Коваленко (26,63).\r\n\r\nПопереджені А.Полінчук (Н), Я.Коваленко, І.Українець (О)|\r\n\r\nПерший і останній матч провела «Нива» на рідному стадіоні в Бузовій. Поле потребує реконструкції та відновлення, тож команда Дмитра Сороки прийняла рішення власними силами провести ребрендінг шкільного майданчика.\r\n\r\nА поки «Нива» буде орендувати поля на ПМК в Бучі або в сусідніх Шпитьках. З нагоди рідкісного матчу в рідних стінах підтримати своїх улюбленців завітала чисельна аудиторія вболівальників – близько 120 чоловік створювали приємну ауру футбольного видовища. Варто відмітити і старання фан-клубу «Ниви», який додав яскравих кольорів поєдинку гарним музичним супроводом, особливо під час святкування голів господарів. На жаль, якість футбольного поля була, м’яко кажучи, дуже низька, і цей фактор не дозволив командам продемонструвати все, на що вони здатні.\r\n\r\nРуйнувати на такому газоні завжди легше, ніж створювати, тому в першому таймі переконливіше виглядали гості, яким вдалося використати неузгодженість між гравцями «Ниви» в центральній зоні, перехопити м’яча та відкрити рахунок. В другому таймі ініціативою повністю заволоділи господарі, які в перерві кардинально змінили склад трьома замінами. Андрій Гаркавенко з далекої відстані пробив на удачу штрафний удар, і м’яч з відскоком від землі залетів у ворота гостей – тут не обійшлося без прикрої помилки Куницького.\r\n\r\nБуквально через дві хвилини «Ниві» вдається провести атаку лівим флангом, звідки активний Данченко зробив навіс на дальню штангу, - Абрамов пробив у стійку, а Олександр Гаркавенко першим встигнув на добивання. Він же в одному з моментів не потрапив у порожні ворота гостей, уже обіграв воротаря, але до удару справа так і не дійшла.  «Омега» непогано захищалася та не забувала про контратаки. В складі гостей вперше в нинішньому сезоні на поле вийшов найвідоміший футболіст Тарасівки всіх часів і народів Олексій Поліщук, фірмові діагоналі вдавалися Філоненку та Лозовенку, як завжди настирним та наполегливим був кращий бомбардир команди Руслан Коваленко. Саме він використав черговий «ляп» на виході хвацького голкіпера «Ниви» Дмитра Сороки – бузівський «Мануель Нойєр» під час традиційного виходу на перехоплення віддав неточний пас в ноги нападнику суперників, і той покарав граючого тренера господарів за необачність, - 2:2.Це вже сьомий гол лідера атак команди Володимира Романовського. Причому форвард завжди забиває, як мінімум, дубль.\r\n\r\nВиручив брата лідер «Ниви» Тарас Сорока. За п’ять хвилин до завершення поєдинку трапився курйозний момент – воротар «Омеги» Гулько вирішив потягнути час перед тим, як вибити з рук м’яча в поле. Як водиться, він почав стукати його об землю, тримаючи в руках. «Вдома і стіни допомагають» - саме так можна охарактеризувати те, що трапилося. М’яч по зрадницьки вдарився об купину бузівського поля і відскочив вбік, а голкіпер не знайшов нічого кращого, як знову взяти його в руки. Згідно футбольних правил це порушення – подвійний дотик до м’яча руками голкіперу не дозволяється. Цікаво, що арбітр матчу не помітив цього, йому допоміг асистент Вячеслав Сіренко. Був призначений вільний удар з меж карного майданчика гостей, і після нехитрого розіграшу з Данченком Тарас Сорока забив переможний гол! Протести «Омеги» не змінили рішення бригади арбітрів.','https://scontent-waw1-1.xx.fbcdn.net/v/t1.0-9/18920567_1694978060795995_2131166847870052415_n.jpg?_nc_cat=0&oh=c59ea30e7743183499b4b0b7fbf8b4db&oe=5B903CE2','2017-06-04',5),(8,'Сьогодні для ФCК НИВА визначний день!\r\n\r\nРозпочала свою фактичну діяльність дитяча футбольна школа!|','https://scontent-waw1-1.xx.fbcdn.net/v/t1.0-9/32089572_1817923831834750_6424212412622176256_n.jpg?_nc_cat=0&oh=ae53b707b6c13c7cb08d04d1671436a5&oe=5B8FF78F','2018-05-07',NULL),(9,'«Гатне-2» (Гатне) – «Нива» (Бузова) 2-3 (2-3)\r\n\r\n11.06, 16.00, Гатне, «School Stadium», 40 глядачів, +22.\r\n\r\nАрбітр С.Гаврилюк (Забір’я)\r\n\r\n \r\n\r\nГатне-2: Винничук, О.Сафончик, А.Сафончик, М.Погребний, Ткаченко, Поліщук, Кузьмич, Лупеха (Чокла,73), Скоряк, Брильов, Власов (О.Безпалий,62). Тренер – А.Давиденко.\r\n\r\nНива: Д.Сорока, Абрамов (Ганага,46), Т.Сорока, Журавель, А.Гаркавенко, Полінчук (Пилявський,76), Данюк, Раку (Карпушин,80), Данченко, Подолянюк (Петроченко,69), О.Гаркавенко. Тренер – Д.Сорока.\r\n\r\nГоли: Б.Брильов (6), Ю.Кузьмич (30) – О.Данченко (21), І.Раку (26), Т.Сорока (44, пенальті).\r\n\r\nПопереджені А.Сафончик, О.Сафончик (Г), А.Полінчук, О.Гаркавенко, О.Данченко, Д.Сорока (Н)\r\n\r\nВилучений С.Данюк (Н) – 63 хвилина, нецензурні вирази на адресу арбітра.|\r\n\r\nВольову перемогу здобули підопічні Дмитра Сороки – на виїзді їм вдалося вирвати три очки в гатнянських дублерів і продовжити гонку за лідером. Матч розпочався з блискучого удару «юніора» Богдана Брильова – хавбек господарів пройшов по лівому флангу і пробив у дальню «дев’ятку»! Однак поступово ініціативою заволоділи більш досвідчені гості. Небезпека для воріт господарів, як правило, приходила з правого флангу атаки гостей, де активно діяв Олександр Данченко. Спочатку він самотужки пройшов двох оборонців Гатного і з гострого кута «прошив» голкіпера, а потім обігрався з Олександром Гаркавенком, той віддав гольовий пас на Івана Раку, який встиг до м’яча швидше захисників.\r\n\r\nГосподарі зрівняли рахунок зусиллями Юрія Кузьмича, який відмінно пробив штрафний удар. До речі, він же мав шанс забити зі стандарту вдруге, але гостей виручила поперечина. Вирішальний епізод стався під завісу першого тайму. Арбітр Гаврилюк угледів порушення правил у власному карному майданчику з боку Євгена Ткаченка проти форварда гостей Олександра Гаркавенка. Це вже не перше пенальті, зароблене новоспеченим нападником гостей. Тарас Сорока з «точки» вивів «Ниву» вперед. Всі голи в матчі були забиті в першому таймі.\r\n\r\nПісля перерви гості залишилися в меншості – проблеми з дисципліною в команди Дмитра Сороки нікуди не поділися. На цей раз підвів партнерів Сергій Данюк, який дозволив собі непарламентські вирази на адресу арбітра. Проте «Гатне-2» не змогло створити гостям серйозних проблем. Команді поки що не вистачає досвіду та атлетизму, щоб на рівних протистояти більш досвідченим візаві. В коментарі після матчу тренер «Ниви» Дмитро Сорока піддав жорсткій критиці дії бригади арбітрів в другому таймі, зокрема, на його думку Сергій Гаврилюк кілька разів помилявся на користь господарів, неоднозначно трактував деякі епізоди матчу, відмінив «чистий» гол Данченка через сумнівний офсайд.\r\n\r\nЯк стверджує Сорока, арбітр також показав протягом матчу два попередження 14-му номеру господарів Юрію Кузьмичу, але помилково не вилучив його. Проте в рапорті арбітра ми не знайшли навіть згадки про Кузьмича в графі «попередження».     ','http://ksrff.com.ua/images/gatnenuva.jpg','2017-06-11',6);
/*!40000 ALTER TABLE `Posts` ENABLE KEYS */;
UNLOCK TABLES;

--
-- Table structure for table `Users`
--

DROP TABLE IF EXISTS `Users`;
/*!40101 SET @saved_cs_client     = @@character_set_client */;
/*!40101 SET character_set_client = utf8 */;
CREATE TABLE `Users` (
  `UserID` smallint(5) unsigned NOT NULL AUTO_INCREMENT COMMENT 'Унікальний ідентифікатор користувача',
  `Login` varchar(20) NOT NULL COMMENT 'Логін',
  `Password` varchar(20) NOT NULL COMMENT 'Пароль',
  `Role` varchar(20) NOT NULL COMMENT 'Права доступу',
  PRIMARY KEY (`UserID`),
  UNIQUE KEY `Login` (`Login`)
) ENGINE=InnoDB AUTO_INCREMENT=3 DEFAULT CHARSET=utf8;
/*!40101 SET character_set_client = @saved_cs_client */;

--
-- Dumping data for table `Users`
--

LOCK TABLES `Users` WRITE;
/*!40000 ALTER TABLE `Users` DISABLE KEYS */;
INSERT INTO `Users` VALUES (1,'Barabos','150899n','Admin'),(2,'Mesya228','ilovephp','moderator');
/*!40000 ALTER TABLE `Users` ENABLE KEYS */;
UNLOCK TABLES;

--
-- Table structure for table `gameEvents`
--

DROP TABLE IF EXISTS `gameEvents`;
/*!40101 SET @saved_cs_client     = @@character_set_client */;
/*!40101 SET character_set_client = utf8 */;
CREATE TABLE `gameEvents` (
  `id` smallint(6) NOT NULL AUTO_INCREMENT COMMENT 'Унікальний ідентифікатор події',
  `playerID` smallint(10) unsigned NOT NULL COMMENT 'Унікальний ідентифікатор гравця',
  `matchID` smallint(10) NOT NULL COMMENT 'Унікальний ідентифікатор матча',
  `isInStart` tinyint(1) NOT NULL COMMENT 'Чи в основному складі гравець',
  `substitute` varchar(10) NOT NULL COMMENT 'Чи був замінений(якщо так, то коли)',
  `numberofGoals` smallint(10) NOT NULL DEFAULT '0' COMMENT 'Кількість забитих голів',
  `isYellowCards` tinyint(2) DEFAULT '0' COMMENT 'Наявність жовтих карток',
  `isRedCard` tinyint(1) NOT NULL DEFAULT '0' COMMENT 'Наявність червоної картки',
  PRIMARY KEY (`id`),
  KEY `playerID` (`playerID`),
  KEY `matchID` (`matchID`),
  CONSTRAINT `gameevents_ibfk_1` FOREIGN KEY (`matchID`) REFERENCES `matches` (`id`) ON DELETE NO ACTION ON UPDATE NO ACTION,
  CONSTRAINT `gameevents_ibfk_2` FOREIGN KEY (`playerID`) REFERENCES `playersInfo` (`id`) ON DELETE NO ACTION ON UPDATE NO ACTION
) ENGINE=InnoDB AUTO_INCREMENT=52 DEFAULT CHARSET=utf8;
/*!40101 SET character_set_client = @saved_cs_client */;

--
-- Dumping data for table `gameEvents`
--

LOCK TABLES `gameEvents` WRITE;
/*!40000 ALTER TABLE `gameEvents` DISABLE KEYS */;
INSERT INTO `gameEvents` VALUES (1,1,1,1,'0',4,0,0),(2,2,1,0,'0',0,0,0),(3,3,1,1,'0',0,0,0),(4,4,1,1,'0',0,0,0),(5,5,1,1,'0',0,0,0),(6,6,1,0,'0',0,0,0),(7,7,1,0,'0',0,0,0),(8,8,1,0,'0',0,0,0),(9,9,1,1,'65',1,0,0),(10,10,1,1,'0',0,0,0),(11,11,1,0,'65',0,0,0),(12,12,1,0,'0',0,0,0),(13,13,1,1,'0',0,0,0),(14,14,1,1,'0',0,1,0),(15,15,1,1,'73',0,0,0),(16,16,1,0,'0',0,0,0),(17,17,1,0,'0',0,0,0),(18,1,2,1,'0',2,0,0),(19,2,2,0,'0',0,0,0),(20,3,2,1,'0',0,0,0),(21,4,2,1,'0',0,0,0),(22,5,2,1,'72',0,0,0),(23,6,2,0,'0',0,0,0),(24,7,2,0,'72',0,0,0),(25,8,2,0,'0',0,0,0),(26,9,2,1,'64',0,0,0),(27,10,2,1,'0',0,0,0),(28,11,2,0,'64',0,0,0),(29,12,2,1,'64',0,0,0),(30,13,2,1,'0',2,1,0),(31,14,2,1,'0',0,0,0),(32,15,2,0,'64',0,1,0),(33,16,2,0,'0',0,0,0),(34,17,2,0,'0',0,0,0),(35,1,3,1,'0',1,0,0),(36,2,3,0,'0',0,0,0),(37,3,3,1,'30',0,0,0),(38,4,3,1,'0',1,1,0),(39,5,3,1,'0',0,0,0),(40,6,3,0,'58',0,0,0),(41,7,3,0,'64',0,0,0),(42,8,3,0,'0',0,0,0),(43,9,3,0,'0',0,0,0),(44,10,3,1,'77',1,0,0),(45,11,3,1,'46',0,0,0),(46,12,3,1,'58',0,0,0),(47,13,3,0,'0',0,0,0),(48,14,3,1,'0',0,0,0),(49,15,3,0,'46',0,0,0),(50,16,3,0,'0',0,0,0),(51,17,3,0,'0',0,0,0);
/*!40000 ALTER TABLE `gameEvents` ENABLE KEYS */;
UNLOCK TABLES;

--
-- Table structure for table `matches`
--

DROP TABLE IF EXISTS `matches`;
/*!40101 SET @saved_cs_client     = @@character_set_client */;
/*!40101 SET character_set_client = utf8 */;
CREATE TABLE `matches` (
  `id` smallint(6) NOT NULL AUTO_INCREMENT COMMENT 'Унікальний ідентифікатор матча',
  `idOfSeason` smallint(10) NOT NULL COMMENT 'Унікальний ідентифікатор турніру',
  `idOfTour` smallint(6) NOT NULL COMMENT 'Номер туру',
  `date` date NOT NULL COMMENT 'Дата проведення',
  `enemyTeam` varchar(255) NOT NULL COMMENT 'Команда-суперник',
  `isHomeGame` tinyint(1) NOT NULL COMMENT 'Чи домашня гра',
  `finalResult` varchar(10) NOT NULL COMMENT 'Фінальний результат',
  PRIMARY KEY (`id`),
  KEY `idOfSeason` (`idOfSeason`),
  CONSTRAINT `matches_ibfk_1` FOREIGN KEY (`idOfSeason`) REFERENCES `season` (`id`) ON DELETE NO ACTION ON UPDATE NO ACTION
) ENGINE=InnoDB AUTO_INCREMENT=7 DEFAULT CHARSET=utf8;
/*!40101 SET character_set_client = @saved_cs_client */;

--
-- Dumping data for table `matches`
--

LOCK TABLES `matches` WRITE;
/*!40000 ALTER TABLE `matches` DISABLE KEYS */;
INSERT INTO `matches` VALUES (1,1,1,'2017-05-08','ФК УФАМ (Білогородка)',1,'1:4'),(2,1,2,'2017-05-14','ФК Сокіл-2 (Мих.Рубежівка)	\r\n',0,'2:2'),(3,1,3,'2017-05-20','СК Прогрес (Крюківщина)',1,'2:1'),(4,1,4,'2017-05-28','ФК Стимул (Юрівка)	\r\n',0,'3:0'),(5,1,5,'2017-06-04','ФК Омега (Тарасівка)',1,'3:2'),(6,1,6,'2017-06-11','Гатне-2 (Гатне)',0,'3:2');
/*!40000 ALTER TABLE `matches` ENABLE KEYS */;
UNLOCK TABLES;

--
-- Table structure for table `playersInfo`
--

DROP TABLE IF EXISTS `playersInfo`;
/*!40101 SET @saved_cs_client     = @@character_set_client */;
/*!40101 SET character_set_client = utf8 */;
CREATE TABLE `playersInfo` (
  `id` smallint(5) unsigned NOT NULL AUTO_INCREMENT COMMENT 'Унікальний ідентифікатор гравця',
  `Fname` varchar(20) NOT NULL COMMENT 'Імя',
  `Lname` varchar(25) NOT NULL COMMENT 'Прізвище',
  `dateOfBirth` date NOT NULL COMMENT 'Дата народження',
  `citezenship` varchar(20) NOT NULL COMMENT 'Громадянство',
  `position` varchar(20) NOT NULL COMMENT 'Позиція',
  `gameNumber` tinyint(3) unsigned NOT NULL COMMENT 'Ігровий номер',
  `photo` varchar(300) NOT NULL COMMENT 'Фото гравця',
  PRIMARY KEY (`id`)
) ENGINE=InnoDB AUTO_INCREMENT=18 DEFAULT CHARSET=utf8;
/*!40101 SET character_set_client = @saved_cs_client */;

--
-- Dumping data for table `playersInfo`
--

LOCK TABLES `playersInfo` WRITE;
/*!40000 ALTER TABLE `playersInfo` DISABLE KEYS */;
INSERT INTO `playersInfo` VALUES (1,'Дмитро','Сорока','1990-03-20','Україна','Воротар',12,'https://scontent-waw1-1.xx.fbcdn.net/v/t1.0-9/11825858_700721606738853_1159521423559975494_n.jpg?_nc_cat=0&oh=a28b8705f4fe6ecda1048f896a458339&oe=5B5ADCDE'),(2,'Євген','Ганага','1991-09-10','Україна','Захисник',4,'https://scontent-waw1-1.xx.fbcdn.net/v/t1.0-9/30709446_204168936847118_8377058463573868544_n.jpg?_nc_cat=0&oh=2d3359ddbf9b048cc6ad443f56f75d20&oe=5B9D2615'),(3,'Андрій','Гаркавенко','1988-04-01','Україна','Захисник',22,'https://pp.userapi.com/c314120/v314120189/5323/JVhcK29GI5o.jpg'),(4,'Володимир','Петрівський','1989-07-10','Україна','Захисник',33,'https://scontent-waw1-1.xx.fbcdn.net/v/t1.0-9/19657258_1707575472869587_8018945982737824906_n.jpg?_nc_cat=0&oh=b9ac25da5c3dede2f889154470911671&oe=5B5E75B9'),(5,'Анатолій','Помінчук','1980-12-02','Україна','Захисник',17,'https://scontent-waw1-1.xx.fbcdn.net/v/t1.0-9/19732304_1707576106202857_8374125409957840257_n.jpg?_nc_cat=0&oh=77fae33884d0f518ec386954e8dbb6d7&oe=5B9CF65B'),(6,'Андрій','Журавель','1987-08-04','Україна','Захисник',3,'https://pp.userapi.com/c624019/v624019159/143b4/SCyjcMK5rkw.jpg'),(7,'Олексій','Абрамов','1990-10-03','Україна','Захисник',23,'https://pp.userapi.com/c631126/v631126998/4f76a/nZ8boFEs1iw.jpg'),(8,'Єгор','Маншилін','1997-03-16','Україна','Захисник',18,'https://vignette.wikia.nocookie.net/subnautica/images/b/b6/%D0%9D%D0%B5%D0%B8%D0%B7%D0%B2%D0%B5%D1%81%D1%82%D0%BD%D0%BE.png/revision/latest?cb=20160731053058&path-prefix=ru'),(9,'Владислав','Подолянюк','1995-03-15','Україна','Півзахисник',69,'https://pp.userapi.com/c637329/v637329350/544b0/eXw_gZMfZ40.jpg'),(10,'Тарас','Сорока','1990-04-21','Україна','Півзахисник',77,'https://pp.userapi.com/c619119/v619119644/b75c/Z7_4kps9tlk.jpg'),(11,'Сергій','Данюк','1990-01-01','Україна','Півзахисник',18,'https://vignette.wikia.nocookie.net/subnautica/images/b/b6/%D0%9D%D0%B5%D0%B8%D0%B7%D0%B2%D0%B5%D1%81%D1%82%D0%BD%D0%BE.png/revision/latest?cb=20160731053058&path-prefix=ru'),(12,'Олександр','Данченко','1983-10-31','Україна','Півзахисник',8,'https://scontent-waw1-1.xx.fbcdn.net/v/t1.0-9/19260458_1703829819910819_4471592261290750136_n.jpg?_nc_cat=0&oh=ebcbd78d993bfdba548a14c18670df8f&oe=5B959ED7'),(13,'Олександр','Попівський','1980-01-28','Україна','Півзахисник',15,'https://scontent-waw1-1.xx.fbcdn.net/v/t1.0-9/21314457_1934134166852532_5316788703593520850_n.jpg?_nc_cat=0&oh=c4b25366a5165825af8ea4314bf29d63&oe=5B8DC563'),(14,'Олександр','Гаркавенко','1985-01-12','Україна','Нападник',10,'https://scontent-waw1-1.xx.fbcdn.net/v/t1.0-9/19430155_1703835036576964_7207510125961655011_n.jpg?_nc_cat=0&oh=6471173229e7cd7eebb73b58f30ae12f&oe=5B58D27A'),(15,'Олег','Мусієнко','1986-04-14','Україна','Півзахисник',14,'https://scontent-waw1-1.xx.fbcdn.net/v/t1.0-9/11159970_1396103654045979_4647674879410232826_n.jpg?_nc_cat=0&oh=9e58df6f7bb05da789c603d6527b67d4&oe=5B93DB1E'),(16,'Нікіта','Трембіцький','1999-08-15','Україна','Півзахисник',25,'https://pp.userapi.com/c625719/v625719534/1739f/xTv0rXfi1Ks.jpg'),(17,'Сергій','Цись','1984-08-15','Україна','Нападник',99,'https://scontent-waw1-1.xx.fbcdn.net/v/t1.0-9/11329921_818885624828073_2788771089512284051_n.jpg?_nc_cat=0&oh=f9b8fa4b0bd3dd3731a27d9cea449a62&oe=5B5C28DD');
/*!40000 ALTER TABLE `playersInfo` ENABLE KEYS */;
UNLOCK TABLES;

--
-- Table structure for table `season`
--

DROP TABLE IF EXISTS `season`;
/*!40101 SET @saved_cs_client     = @@character_set_client */;
/*!40101 SET character_set_client = utf8 */;
CREATE TABLE `season` (
  `id` smallint(6) NOT NULL AUTO_INCREMENT COMMENT 'Унікальний ідентифікатор турніру',
  `name` varchar(255) NOT NULL COMMENT 'Назва турніру',
  `startOfSeason` date NOT NULL COMMENT 'Дата початку',
  `endOfSeason` date NOT NULL COMMENT 'Дата закінчення',
  PRIMARY KEY (`id`)
) ENGINE=InnoDB AUTO_INCREMENT=4 DEFAULT CHARSET=utf8;
/*!40101 SET character_set_client = @saved_cs_client */;

--
-- Dumping data for table `season`
--

LOCK TABLES `season` WRITE;
/*!40000 ALTER TABLE `season` DISABLE KEYS */;
INSERT INTO `season` VALUES (1,'ЧЕМПІОНАТ КИЄВО-СВЯТОШИНСЬКОГО РАЙОНУ. ТРЕТЯ ЛІГА','2017-05-06','2017-11-20'),(2,'ВІДКРИТА ПЕРШІСТЬ КИЄВО - СВЯТОШИНСЬКОГО РАЙОНУ З ФУТБОЛУ. ДРУГА ЛІГА.','2018-05-05','2018-11-22'),(3,'КУБОК РАЙОНУ 2017-2018','2017-09-09','2018-05-26');
/*!40000 ALTER TABLE `season` ENABLE KEYS */;
UNLOCK TABLES;
/*!40103 SET TIME_ZONE=@OLD_TIME_ZONE */;

/*!40101 SET SQL_MODE=@OLD_SQL_MODE */;
/*!40014 SET FOREIGN_KEY_CHECKS=@OLD_FOREIGN_KEY_CHECKS */;
/*!40014 SET UNIQUE_CHECKS=@OLD_UNIQUE_CHECKS */;
/*!40101 SET CHARACTER_SET_CLIENT=@OLD_CHARACTER_SET_CLIENT */;
/*!40101 SET CHARACTER_SET_RESULTS=@OLD_CHARACTER_SET_RESULTS */;
/*!40101 SET COLLATION_CONNECTION=@OLD_COLLATION_CONNECTION */;
/*!40111 SET SQL_NOTES=@OLD_SQL_NOTES */;

-- Dump completed on 2018-05-23 17:21:42
